-- On supprime toutes les données des tables
DELETE FROM `lignecommande`;
DELETE FROM `commande`;
DELETE FROM `produitCommande`;
DELETE FROM `produit`;
DELETE FROM `utilisateur`;

-- ajout données utilisateur
INSERT INTO `utilisateur` (`idUtilisateur`, `nom`, `prenom`, `dateNaissance`, `login`, `motDePasse`, `adresseDomicile`, `admin`, `etat`, `email`) VALUES(10, 'dewas', 'antoine', '2018-05-06', 'dewas', '81dc9bdb52d04dc20036dbd8313ed055', '36 rue du chat qui pêche', 0, 1, 'truc@bidule.fr');
INSERT INTO `utilisateur` (`idUtilisateur`, `nom`, `prenom`, `dateNaissance`, `login`, `motDePasse`, `adresseDomicile`, `admin`, `etat`, `email`) VALUES(11, 'bouali', 'kamel', '2017-12-12', 'bouali', '81dc9bdb52d04dc20036dbd8313ed055', '36 rue du chat qui pêche', 0, 1, 'truc@bidule.fr');
INSERT INTO `utilisateur` (`idUtilisateur`, `nom`, `prenom`, `dateNaissance`, `login`, `motDePasse`, `adresseDomicile`, `admin`, `etat`, `email`) VALUES(12, 'weisse', 'clément', '2017-06-13', 'weisse', '81dc9bdb52d04dc20036dbd8313ed055', '36 rue du chat qui pêche', 0, 1, 'truc@bidule.fr');
INSERT INTO `utilisateur` (`idUtilisateur`, `nom`, `prenom`, `dateNaissance`, `login`, `motDePasse`, `adresseDomicile`, `admin`, `etat`, `email`) VALUES(13, 'preau', 'alain', '2018-03-12', 'preau', '81dc9bdb52d04dc20036dbd8313ed055', '36 rue du chat qui pêche', 0, 1, 'truc@bidule.fr');
INSERT INTO `utilisateur` (`idUtilisateur`, `nom`, `prenom`, `dateNaissance`, `login`, `motDePasse`, `adresseDomicile`, `admin`, `etat`, `email`) VALUES(14, 'barin', 'elsa', '2018-02-11', 'barin', '81dc9bdb52d04dc20036dbd8313ed055', '36 rue du chat qui pêche', 0, 1, 'truc@bidule.fr');
INSERT INTO `utilisateur` (`idUtilisateur`, `nom`, `prenom`, `dateNaissance`, `login`, `motDePasse`, `adresseDomicile`, `admin`, `etat`, `email`) VALUES(15, 'vasseur', 'karl', '2018-05-13', 'vasseur', '81dc9bdb52d04dc20036dbd8313ed055', '36 rue du chat qui pêche', 0, 1, 'truc@bidule.fr');
INSERT INTO `utilisateur` (`idUtilisateur`, `nom`, `prenom`, `dateNaissance`, `login`, `motDePasse`, `adresseDomicile`, `admin`, `etat`, `email`) VALUES(16, 'gendrey', 'sebastien', '2018-02-04', 'gendrey', '81dc9bdb52d04dc20036dbd8313ed055', '36 rue du chat qui pêche', 0, 1, 'truc@bidule.fr');
INSERT INTO `utilisateur` (`idUtilisateur`, `nom`, `prenom`, `dateNaissance`, `login`, `motDePasse`, `adresseDomicile`, `admin`, `etat`, `email`) VALUES(17, 'ulrich', 'mahieu', '2018-01-08', 'ulrich', '81dc9bdb52d04dc20036dbd8313ed055', '36 rue du chat qui pêche', 0, 1, 'truc@bidule.fr');
INSERT INTO `utilisateur` (`idUtilisateur`, `nom`, `prenom`, `dateNaissance`, `login`, `motDePasse`, `adresseDomicile`, `admin`, `etat`, `email`) VALUES(18, 'guerrero', 'omar', '2018-01-15', 'guerrero', '81dc9bdb52d04dc20036dbd8313ed055', '36 rue du chat qui pêche', 0, 0, 'truc@bidule.fr');
INSERT INTO `utilisateur` (`idUtilisateur`, `nom`, `prenom`, `dateNaissance`, `login`, `motDePasse`, `adresseDomicile`, `admin`, `etat`, `email`) VALUES(19, 'sintive', '', '2017-09-13', 'sintive', '81dc9bdb52d04dc20036dbd8313ed055', '36 rue du chat qui pêche', 1, 1, 'truc@bidule.fr');
INSERT INTO `utilisateur` (`idUtilisateur`, `nom`, `prenom`, `dateNaissance`, `login`, `motDePasse`, `adresseDomicile`, `admin`, `etat`, `email`) VALUES(20, 'loose', 'thomas', '1996-02-13', 'loose', '81dc9bdb52d04dc20036dbd8313ed055', '36 rue du chat qui pêche', 1, 1, 'truc@bidule.fr');
INSERT INTO `utilisateur` (`idUtilisateur`, `nom`, `prenom`, `dateNaissance`, `login`, `motDePasse`, `adresseDomicile`, `admin`, `etat`, `email`) VALUES(21, 'abdallah', 'sidi-ahmed', '1967-07-30', 'abdallah', '81dc9bdb52d04dc20036dbd8313ed055', '36 rue du chat qui pêche', 1, 1, 'truc@bidule.fr');
INSERT INTO `utilisateur` (`idUtilisateur`, `nom`, `prenom`, `dateNaissance`, `login`, `motDePasse`, `adresseDomicile`, `admin`, `etat`, `email`) VALUES(22, 'clin', 'didier', '1971-06-30', 'clin', '81dc9bdb52d04dc20036dbd8313ed055', '36 rue du chat qui pêche', 1, 1, 'truc@bidule.fr');
INSERT INTO `utilisateur` (`idUtilisateur`, `nom`, `prenom`, `dateNaissance`, `login`, `motDePasse`, `adresseDomicile`, `admin`, `etat`, `email`) VALUES(23, 'bachri', '', '2018-05-16', 'bachri', '81dc9bdb52d04dc20036dbd8313ed055', '36 rue du chat qui pêche', 1, 1, 'truc@bidule.fr');
INSERT INTO `utilisateur` (`idUtilisateur`, `nom`, `prenom`, `dateNaissance`, `login`, `motDePasse`, `adresseDomicile`, `admin`, `etat`, `email`) VALUES(24, 'aissa', 'helmi', '2018-02-13', 'aissa', '81dc9bdb52d04dc20036dbd8313ed055', '36 rue du chat qui pêche', 1, 1, 'truc@bidule.fr');
INSERT INTO `utilisateur` (`idUtilisateur`, `nom`, `prenom`, `dateNaissance`, `login`, `motDePasse`, `adresseDomicile`, `admin`, `etat`, `email`) VALUES(25, 'day', 'grégory', '2018-02-13', 'day', '81dc9bdb52d04dc20036dbd8313ed055', '36 rue du chat qui pêche', 1, 1, 'truc@bidule.fr');
INSERT INTO `utilisateur` (`idUtilisateur`, `nom`, `prenom`, `dateNaissance`, `login`, `motDePasse`, `adresseDomicile`, `admin`, `etat`, `email`) VALUES(26, 'didolla', 'david', '2058-05-22', 'didolla', '81dc9bdb52d04dc20036dbd8313ed055', '36 rue du chat qui pêche', 1, 1, 'truc@bidule.fr');
INSERT INTO `utilisateur` (`idUtilisateur`, `nom`, `prenom`, `dateNaissance`, `login`, `motDePasse`, `adresseDomicile`, `admin`, `etat`, `email`) VALUES(27, 'seghir', 'hamza', '1987-05-17', 'seghir', '81dc9bdb52d04dc20036dbd8313ed055', '36 rue du chat qui pêche', 1, 1, 'truc@bidule.fr');
INSERT INTO `utilisateur` (`idUtilisateur`, `nom`, `prenom`, `dateNaissance`, `login`, `motDePasse`, `adresseDomicile`, `admin`, `etat`, `email`) VALUES(28, 'fleurquin', 'gregory', '1975-03-21', 'fleurquin', '81dc9bdb52d04dc20036dbd8313ed055', '36 rue du chat qui pêche', 1, 1, 'truc@bidule.fr');

-- ajout données produit
INSERT INTO `produit` (`idProduit`, `reference`, `description`, `prix`, `image`, `etat`, `dateModification`) VALUES ('11', 'Nikoncool', "L'appareil photo bridge Nikon COOLPIX B500 est idéal pour réaliser des photos nettes et pleines de détails grâce à son zoom puissant 40x. Capteur : Grâce à son capteur CMOS de 16 millions de pixels, vous bénéficiez d'une excellente résolution. ", '249.90', 'nikon_coolpix.jpg', '1', NOW());
INSERT INTO `produit` (`idProduit`, `reference`, `description`, `prix`, `image`, `etat`, `dateModification`) VALUES ('12', '9782702163', "Tout Desproges paraît en un seul volume au Seuil, accompagné d'un cahier hors texte d'une cinquantaine de photographies de Pierre Desproges, pour la plupart inédites, et d'un DVD qui propose des interviews marquantes réalisées par l'auteur, des extraits de ses spectacles, et des images de comédiens qui se situent dans son héritage.", '21.90', 'Tout-Desproges.jpg', '0', NOW());
INSERT INTO `produit` (`idProduit`, `reference`, `description`, `prix`, `image`, `etat`, `dateModification`) VALUES ('13', 'Honor10', "Découvrez le nouveau Honor 10 ! Offrant de multiples performances, ce smartphone est équipé d’un écran FullView 18 :9 de 5.84 pouces et d’une résolution de 2280 x 1080 pixels vous permettant d’obtenir une visibilité remarquable. ", '399.99', 'honor10.jpg', '1', NOW());
INSERT INTO `produit` (`idProduit`, `reference`, `description`, `prix`, `image`, `etat`, `dateModification`) VALUES ('123', 'diamond23', "Nous l'attendions depuis longtemps, cette brosse à dents électrique connectée de Philips ! Alors qu'Oral-B en était à sa deuxième génération déjà, et Kolibree de même, Philips allait forcément à un moment ou un autre nous présenter sa version. Et nous ne sommes pas déçus d'avoir attendu", '284.00', 'Phil_bad.jpg', '0', NOW());
INSERT INTO `produit` (`idProduit`, `reference`, `description`, `prix`, `image`, `etat`, `dateModification`) VALUES ('24', 'play_car1', "Avec nos nouveaux véhicules de course, la chambre de votre enfant se transforme en véritable circuit de course ! La voiture de course rouge radiocommandée se caractérise par un design élégant et de chouettes effets lumineux.", '39.90', 'play_car.jpg', '1', NOW());

-- ajout données produitcommande
INSERT INTO `produitcommande` (`idProduitCde`, `idProduit`, `reference`, `description`, `prix`, `image`, `dateModification`) VALUES ('1', '11', 'Nikoncool', "L'appareil photo bridge Nikon COOLPIX B500 est idéal pour réaliser des photos nettes et pleines de détails grâce à son zoom puissant 40x. Capteur : Grâce à son capteur CMOS de 16 millions de pixels, vous bénéficiez d'une excellente résolution.", '249.90', '/img/produit/nikon_coolpix.jpg', DATE('2018-01-01 09:13:21'));
INSERT INTO `produitcommande` (`idProduitCde`, `idProduit`, `reference`, `description`, `prix`, `image`, `dateModification`) VALUES ('2', '12', '9782702163', "Tout Desproges paraît en un seul volume au Seuil, accompagné d'un cahier hors texte d'une cinquantaine de photographies de Pierre Desproges, pour la plupart inédites, et d'un DVD qui propose des interviews marquantes réalisées par l'auteur, des extraits de ses spectacles, et des images de comédiens qui se situent dans son héritage.", '17.90', '/img/produit/Tout-Desproges.jpg', DATE('2018-05-21 02:13:21'));
INSERT INTO `produitcommande` (`idProduitCde`, `idProduit`, `reference`, `description`, `prix`, `image`, `dateModification`) VALUES ('3', '13', 'Honor10', "Découvrez le nouveau Honor 10 ! Offrant de multiples performances, ce smartphone est équipé d’un écran FullView 18 :9 de 5.84 pouces et d’une résolution de 2280 x 1080 pixels vous permettant d’obtenir une visibilité remarquable. ", '450.99', '/img/produit/honor10.jpg', NOW());
INSERT INTO `produitcommande` (`idProduitCde`, `idProduit`, `reference`, `description`, `prix`, `image`, `dateModification`) VALUES ('4', '11', 'Nikoncool1', "L'appareil photo bridge Nikon COOLPIX B500 est idéal pour réaliser des photos nettes et pleines de détails grâce à son zoom puissant 40x. Capteur : Grâce à son capteur CMOS de 16 millions de pixels, vous bénéficiez d'une excellente résolution.", '249.90', '/img/produit/nikon_coolpix.jpg', DATE('2018-05-11 19:13:21'));
INSERT INTO `produitcommande` (`idProduitCde`, `idProduit`, `reference`, `description`, `prix`, `image`, `dateModification`) VALUES ('5', '12', '9782702163', "Tout Desproges paraît en un seul volume au Seuil, accompagné d'un cahier hors texte d'une cinquantaine de photographies de Pierre Desproges, pour la plupart inédites, et d'un DVD qui propose des interviews marquantes réalisées par l'auteur, des extraits de ses spectacles, et des images de comédiens qui se situent dans son héritage.", '21.90', '/img/produit/Tout-Desproges.jpg', DATE('2018-05-03 09:13:21'));
INSERT INTO `produitcommande` (`idProduitCde`, `idProduit`, `reference`, `description`, `prix`, `image`, `dateModification`) VALUES ('6', '13', 'Honor10', "Découvrez le nouveau Honor 10 ! Offrant de multiples performances, ce smartphone est équipé d’un écran FullView 18 :9 de 5.84 pouces et d’une résolution de 2280 x 1080 pixels vous permettant d’obtenir une visibilité remarquable. ", '439.99', '/img/produit/honor10.jpg', DATE('2018-04-01 09:13:21'));
INSERT INTO `produitcommande` (`idProduitCde`, `idProduit`, `reference`, `description`, `prix`, `image`, `dateModification`) VALUES ('7','123', 'diamond23', "Nous l'attendions depuis longtemps, cette brosse à dents électrique connectée de Philips ! Alors qu'Oral-B en était à sa deuxième génération déjà, et Kolibree de même, Philips allait forcément à un moment ou un autre nous présenter sa version. Et nous ne sommes pas déçus d'avoir attendu", '284.00', '/img/produit/Phil_bad.jpg', DATE('2018-02-01 09:13:21'));
INSERT INTO `produitcommande` (`idProduitCde`, `idProduit`, `reference`, `description`, `prix`, `image`, `dateModification`) VALUES ('8','24', 'play_car1', "Avec nos nouveaux véhicules de course, la chambre de votre enfant se transforme en véritable circuit de course ! La voiture de course rouge radiocommandée se caractérise par un design élégant et de chouettes effets lumineux.", '42.90', '/img/produit/play_car.jpg', DATE('2018-05-01 09:13:21'));

-- ajout données commande
INSERT INTO `commande` (`idCde`, `idUtilisateur`, `dateCde`, `montantTotal`, `montantRemise`, `adresseLivraison`, `adresseFacturation`) VALUES(10, 10, '2018-05-21', 249.9, 0, '', '');
INSERT INTO `commande` (`idCde`, `idUtilisateur`, `dateCde`, `montantTotal`, `montantRemise`, `adresseLivraison`, `adresseFacturation`) VALUES(13, 13, '2017-03-16', 219, 0, '', '2 rue du lion enflamé');
INSERT INTO `commande` (`idCde`, `idUtilisateur`, `dateCde`, `montantTotal`, `montantRemise`, `adresseLivraison`, `adresseFacturation`) VALUES(14, 16, '2017-10-18', 995.69, 95.69, '2 rue du chat', '');
INSERT INTO `commande` (`idCde`, `idUtilisateur`, `dateCde`, `montantTotal`, `montantRemise`, `adresseLivraison`, `adresseFacturation`) VALUES(3456, 20, '2018-05-20', 852.01, 0, 'Lille', 'Tourcoing');

-- ajout données lignecommande
INSERT INTO `lignecommande` (`idLigneCde`, `idCde`, `idProduitCde`, `quantite`) VALUES(3, 10, 1, 1);
INSERT INTO `lignecommande` (`idLigneCde`, `idCde`, `idProduitCde`, `quantite`) VALUES(4, 13, 2, 10);
INSERT INTO `lignecommande` (`idLigneCde`, `idCde`, `idProduitCde`, `quantite`) VALUES(5, 14, 1, 1);
INSERT INTO `lignecommande` (`idLigneCde`, `idCde`, `idProduitCde`, `quantite`) VALUES(6, 14, 2, 1);
INSERT INTO `lignecommande` (`idLigneCde`, `idCde`, `idProduitCde`, `quantite`) VALUES(7, 14, 3, 1);
INSERT INTO `lignecommande` (`idLigneCde`, `idCde`, `idProduitCde`, `quantite`) VALUES(8, 14, 4, 1);
INSERT INTO `lignecommande` (`idLigneCde`, `idCde`, `idProduitCde`, `quantite`) VALUES(9, 14, 5, 1);
INSERT INTO `lignecommande` (`idLigneCde`, `idCde`, `idProduitCde`, `quantite`) VALUES(10, 3456, 4, 2);
INSERT INTO `lignecommande` (`idLigneCde`, `idCde`, `idProduitCde`, `quantite`) VALUES(11, 3456, 7, 3);
INSERT INTO `lignecommande` (`idLigneCde`, `idCde`, `idProduitCde`, `quantite`) VALUES(12, 3456, 2, 1);
INSERT INTO `lignecommande` (`idLigneCde`, `idCde`, `idProduitCde`, `quantite`) VALUES(13, 3456, 8, 5);
INSERT INTO `lignecommande` (`idLigneCde`, `idCde`, `idProduitCde`, `quantite`) VALUES(15, 3456, 3, 2);

